Energy_MeV,Sr90_ProbabilityDensity,Y90_ProbabilityDensity,Total_ProbabilityDensity
0.001,2.4917146149131115,0.2774222908997622,2.7691369058128736
0.003301301301301301,2.491794527242532,0.27892075506993563,2.7707152823124677
0.005602602602602602,2.4918739620369887,0.280416977611027,2.7722909396480158
0.007903903903903903,2.492000839433721,0.28191522061179863,2.77391606004552
0.010205205205205205,2.4922419508670774,0.2834219638207114,2.775663914687789
0.012506506506506507,2.492653404387547,0.2849431301729162,2.777596534560463
0.014807807807807806,2.4932705406772686,0.2864828757706748,2.7797534164479436
0.017109109109109108,2.4941096761183594,0.2880435560356345,2.782153232153994
0.01941041041041041,2.4951730689106393,0.28962609771945513,2.784799166630094
0.021711711711711712,2.496453662247642,0.29123041548125495,2.7876840777288967
0.024013013013013014,2.4979387270656948,0.29285575750551934,2.7907944845712143
0.026314314314314313,2.4996124165521016,0.2945009620788008,2.7941133786309025
0.028615615615615615,2.5014574687643827,0.2961646377105825,2.7976221064749653
0.030916916916916917,2.503456299323567,0.29784528521580245,2.8013015845393694
0.033218218218218215,2.5055916761010133,0.2995413781406891,2.8051330542417023
0.03551951951951952,2.5078471146579346,0.30125141417187845,2.809098528829813
0.03782082082082082,2.5102070905505625,0.302973946703498,2.8131810372540604
0.04012212212212212,2.5126571336011705,0.30470760302144706,2.8173647366226175
0.04242342342342342,2.5151838476596,0.30645109357763856,2.8216349412372383
0.044724724724724725,2.5177748846962174,0.30820321542134715,2.8259781001175646
0.04702602602602603,2.520418892187498,0.30996285187714034,2.8303817440646384
0.04932732732732732,2.523105446148405,0.311728969884915,2.83483441603332
0.051628628628628624,2.5258249777636284,0.3135006159551869,2.839325593718815
0.053929929929929926,2.5285686986451346,0.31527691137635805,2.843845610021493
0.05623123123123123,2.531328527807054,0.3170570470945186,2.8483855749015725
0.05853253253253253,2.5340970221728947,0.3188402785389194,2.852937300711814
0.06083383383383383,2.5368673115955316,0.3206259205659924,2.857493232161524
0.06313513513513513,2.5396330388307438,0.32241334262683863,2.8620463814575823
0.06543643643643643,2.5423883045623095,0.32420196421739467,2.8665902687797042
0.06773773773773774,2.5451276173649755,0.32599125063997497,2.8711188680049506
0.07003903903903903,2.5478458483667548,0.3277807090848638,2.8756265574516187
0.07234034034034034,2.550538190304335,0.3295698850277682,2.880108075332103
0.07464164164164164,2.5532001206348323,0.33135835893093857,2.884558479565771
0.07694294294294293,2.5558273683602777,0.33314574323114077,2.8889731115914183
0.07924424424424424,2.5584158842291345,0.33493167959520675,2.8933475638243413
0.08154554554554554,2.5609618139956964,0.3367158364229693,2.897677650418666
0.08384684684684685,2.5634614744395727,0.3384979065774106,2.9019593810169835
0.08614814814814814,2.5659113318708946,0.34027760532247936,2.906188937193374
0.08844944944944945,2.5683079828708757,0.3420546684500519,2.9103626513209275
0.09075075075075074,2.570648137040664,0.34382885057869567,2.9144769876193597
0.09305205205205205,2.572928601553701,0.345599923608201,2.918528525161902
0.09535335335335335,2.5751462673274914,0.347367675315155,2.9225139426426465
0.09765465465465464,2.577298096649674,0.3491319080761002,2.9264300047257743
0.09995595595595595,2.579381112110708,0.3508924377060563,2.9302735498167642
0.10225725725725725,2.581392386711132,0.35264909240132,2.934041479112452
0.10455855855855856,2.583329035025461,0.35440171177651225,2.9377307468019733
0.10685985985985985,2.585188205317511,0.3561501459868392,2.94133835130435
0.10916116116116116,2.586967072513175,0.3578942549273998,2.9448613274405746
0.11146246246246246,2.588662831946836,0.35963390750219687,2.948296739449033
0.11376376376376375,2.5902726938065745,0.36136898095623443,2.951641674762809
0.11606506506506506,2.591793878211289,0.36309936026474715,2.954893238476036
0.11836636636636635,2.5932236108600737,0.36482493757420065,2.9580485484342742
0.12066766766766766,2.594559119200385,0.36654561169023897,2.9611047308906238
0.12296896896896896,2.5957976290672735,0.36826128760823207,2.964058916675506
0.12527027027027027,2.5969363617509007,0.3699718760825119,2.9669082378334126
0.12757157157157156,2.5979725314540207,0.3716772932307687,2.9696498246847893
0.12987287287287286,2.598903343105058,0.37337746017042484,2.972280803275483
0.13217417417417415,2.599725990495962,0.3750723026841245,2.9747982931800863
0.13447547547547548,2.600437654717131,0.3767617509117376,2.977199405628869
0.13677677677677677,2.6010355028644834,0.37844573906655,2.9794812419310333
0.13907807807807807,2.601516686996314,0.38012420517351375,2.981640892169828
0.14137937937937936,2.6018783433196995,0.38179709082764834,2.9836754341473477
0.14368068068068068,2.602117591588313,0.38346434097086285,2.9855819325591755
0.14598198198198198,2.6022315346951954,0.3851259036856186,2.987357438380814
0.14828328328328327,2.6022172584456875,0.3867817300040223,2.9889989884497097
0.15058458458458457,2.602071831497105,0.38843177373104276,2.990503605228148
0.15288588588588586,2.601792305453062,0.3900759912806871,2.9918682967337493
0.1551871871871872,2.6013757151014416,0.39171434152406764,2.993090056625509
0.15748848848848848,2.600819078786093,0.3933467856483833,2.9941658644344766
0.15978978978978978,2.6001193989032263,0.39497328702594076,2.995092685929167
0.16209109109109107,2.5992736625143085,0.39659381109239955,2.995867473606708
0.1643923923923924,2.5982788420680425,0.3982083252335165,2.996487167301559
0.1666936936936937,2.5971318962246426,0.3998167986797122,2.9969486949043547
0.16899499499499498,2.5958297707762714,0.40141920240785106,2.9972489731841225
0.17129629629629628,2.594369399658022,0.403015509049673,2.997384908707695
0.17359759759759757,2.5927477060443374,0.4046056928063693,2.9973533988507066
0.1758988988988989,2.5909616035261993,0.40618972936882625,2.9971513328950254
0.1782002002002002,2.589007997364862,0.4077675958431162,2.9967755932079783
0.1805015015015015,2.5868837858181997,0.40933927068083564,2.9962230564990353
0.18280280280280278,2.58458586153615,0.41090473361393515,2.9954905951500854
0.1851041041041041,2.5821111130219987,0.4124639655937016,2.9945750786157004
0.1874054054054054,2.579456426156503,0.41401694873359896,2.993473374890102
0.1897067067067067,2.5766186857821722,0.4155636662556762,2.9921823520378483
0.192008008008008,2.573594777345165,0.4171041024402956,2.9906988797854606
0.19430930930930929,2.5703815885925296,0.41863824257893356,2.989019831171463
0.1966106106106106,2.566976011322697,0.4201660729298456,2.9871420842525427
0.1989119119119119,2.5633749431872515,0.4216875806763872,2.985062523863639
0.2012132132132132,2.5595752895422597,0.423202753887805,2.9827780434300646
0.2035145145145145,2.555573965347464,0.4247115814823331,2.9802855468297973
0.2058158158158158,2.5513678971118883,0.4262140531924277,2.977581950304316
0.2081171171171171,2.5469540248844402,0.42771015953200037,2.9746641844164405
0.2104184184184184,2.5423293042882404,0.4291998917655091,2.9715291960537495
0.2127197197197197,2.537490708597519,0.43068324187878615,2.968173950476305
0.215021021021021,2.532435230855966,0.43216020255148646,2.9645954334074522
0.21732232232232232,2.5271598860355597,0.43363076713104387,2.9607906531666037
0.21962362362362362,2.5216617132349524,0.435094929608044,2.9567566428429966
0.2219249249249249,2.5159377779165135,0.43655268459291374,2.9524904625094273
0.2242262262262262,2.509985174181322,0.4380040272938452,2.9479892014751674
0.2265275275275275,2.503801027081289,0.4394489534958764,2.9432499805771655
0.22882882882882882,2.497382494967804,0.440887459541048,2.938269954508852
0.23113013013013012,2.4907267718762522,0.4423195423095779,2.9330463141858303
0.2334314314314314,2.4838310899458156,0.4437451992019782,2.927576289147794
0.2357327327327327,2.476692721874045,0.4451644281220627,2.9218571499961077
0.23803403403403403,2.4693089834056865,0.44657722746078804,2.9158862108664745
0.24033533533533533,2.4616772358553134,0.4479835960808766,2.90966083193619
0.24263663663663662,2.4537948886633267,0.44938353330217085,2.9031784219654977
0.24493793793793792,2.4456594019849445,0.45077703888767884,2.8964364408726233
0.2472392392392392,2.4372682893117865,0.45216411303026477,2.8894324023420515
0.24954054054054053,2.428619120125734,0.45354475633994873,2.882163876465683
0.25184184184184183,2.419709522584739,0.45491896983177826,2.8746284924165173
0.2541431431431431,2.410537186240285,0.4562867549142356,2.8668239411545207
0.2564444444444444,2.4010998647862287,0.4576481133781546,2.8587479781643834
0.2587457457457457,2.391395378838761,0.4590030473861096,2.8503984262248707
0.261047047047047,2.3814216187472614,0.4603515594622558,2.8417731782095172
0.2633483483483483,2.3711765474358177,0.46169365248259164,2.8328701999184096
0.26564964964964966,2.360658203275191,0.4630293296656184,2.8236875329408093
0.26795095095095095,2.3498647029850703,0.4643585945633766,2.814223297548447
0.27025225225225225,2.3387942445663885,0.4656814510528359,2.8044756956192245
0.27255355355355354,2.327445110263588,0.46699790332762015,2.7944430135912084
0.27485485485485484,2.3158156695566308,0.46830795589004665,2.7841236254466772
0.27715615615615613,2.303904382182644,0.4696116135434647,2.7735159957261084
0.2794574574574574,2.2917098011870385,0.470908881384875,2.7626186825719135
0.2817587587587587,2.2792305760040064,0.47219976479781606,2.7514303408018224
0.28406006006006,2.266465455566242,0.4734842694455011,2.739949725011743
0.28636136136136137,2.253413291443813,0.47476240126419395,2.728175692708007
0.28866266266266266,2.240073041012048,0.476034166456809,2.7161072074688573
0.29096396396396396,2.2264437706483635,0.477299571486726,2.7037433421350894
0.29326526526526525,2.2125246589579484,0.4785586230718068,2.691083282029755
0.29556656656656655,2.1983150000281904,0.47981132817859945,2.67812632820679
0.29786786786786784,2.1838142067117983,0.4810576940167303,2.6648719007285284
0.30016916916916914,2.1690218139385347,0.4822977280334622,2.651319541971997
0.30247047047047043,2.153937482055487,0.48353143790841896,2.637468919963906
0.3047717717717717,2.1385610001958244,0.4847588315484625,2.6233198317442867
0.3070730730730731,2.1228922896759634,0.4859799170827191,2.6088722067586825
0.3093743743743744,2.1069314074211096,0.48719470285774275,2.5941261102788524
0.31167567567567567,2.0906785494190983,0.4884031974328129,2.5790817468519114
0.31397697697697696,2.0741340542025117,0.48960540957535675,2.5637394637778685
0.31627827827827826,2.0572984063589987,0.4908013482564928,2.5480997546154915
0.31857957957957955,2.040172240069779,0.49199102264668654,2.532163262716465
0.32088088088088085,2.022756342676273,0.4931744421115149,2.5159307847877876
0.32318218218218214,2.0050516582748417,0.49435161620753637,2.499403274482378
0.32548348348348344,1.987059291339574,0.4955225546782543,2.4825818460178284
0.3277847847847848,1.9687805103731124,0.49668726745017944,2.465467777823292
0.3300860860860861,1.9502167515854718,0.4978457646289778,2.4480625162144496
0.3323873873873874,1.9313696226008286,0.49899805649570456,2.430367679096533
0.3346886886886887,1.9122409061922585,0.5001441535031215,2.4123850596953798
0.33698998998998997,1.8928325640443833,0.5012840662720862,2.3941166303164696
0.33929129129129126,1.8731467405439173,0.5024178055880231,2.3755645461319403
0.34159259259259256,1.8531857665980807,0.503545382397458,2.3567311489955385
0.34389389389389385,1.8329521634808699,0.504666807804625,2.3376189712854947
0.34619519519519515,1.812448646707161,0.5057820930681357,2.318230739775297
0.3484964964964965,1.791678129934613,0.5068912495977096,2.2985693795323225
0.3507977977977978,1.7706437288933852,0.5079942889509668,2.2786380178443517
0.3530990990990991,1.7493487653436237,0.5090912228302739,2.2584399881738975
0.3554004004004004,1.7277967710607263,0.5101820630796458,2.237978834140372
0.3577017017017017,1.7059914918483428,0.5112668216817005,2.217258313530043
0.360003003003003,1.6839368915791262,0.5123455107546605,2.196282402333787
0.36230430430430427,1.6616371562632084,0.5134181425494064,2.175055298812615
0.36460560560560556,1.6390966981443904,0.5144847294465725,2.153581427590963
0.36690690690690686,1.616320159824042,0.5155452839536891,2.1318654437777314
0.3692082082082082,1.5933124184126906,0.516599818702367,2.109912237115058
0.3715095095095095,1.5700785897092906,0.5176483464455208,2.0877269361548114
0.3738108108108108,1.5466240324081892,0.5186908800546335,2.0653149124628225
0.3761121121121121,1.5229543523337408,0.5197274325170593,2.0426817848508003
0.3784134134134134,1.4990754067025962,0.5207580169333593,2.0198334236359554
0.3807147147147147,1.4749933084136355,0.5217826465146777,1.9967759549283133
0.383016016016016,1.450714430365555,0.522801334580146,1.973515764945701
0.3853173173173173,1.4262454098020971,0.5238140945543249,1.950059504356422
0.38761861861861857,1.4015931526849117,0.524820939964674,1.9264140926495856
0.38991991991991987,1.3767648380940505,0.5258218844390535,1.902586722533104
0.3922212212212212,1.35176792265608,0.5268169417032562,1.8785848643593361
0.3945225225225225,1.326610144999828,0.5278061255785655,1.8544162705783935
0.3968238238238238,1.3012995302397317,0.5287894499793436,1.8300889802190752
0.3991251251251251,1.275844394486814,0.5297669289106443,1.8056113233974584
0.4014264264264264,1.25025334938725,0.5307385764658527,1.7809919258531028
0.4037277277277277,1.2245353066885523,0.5317044068243494,1.7562397135129015
0.406029029029029,1.198699482833358,0.5326644342491994,1.7313639170825574
0.4083303303303303,1.1727554035808012,0.5336186730848644,1.7063740766656657
0.4106316316316316,1.1467129086555,0.5345671377549379,1.6812800464104378
0.41293293293293293,1.12058215642412,0.5355098427599028,1.6560919991840228
0.4152342342342342,1.0943736285995425,0.5364468026749095,1.630820431274452
0.4175355355355355,1.068098134972609,0.5373780321475782,1.6054761671201874
0.4198368368368368,1.0417668181714679,0.538303545895817,1.5800703640672848
0.4221381381381381,1.0153911584484867,0.5392233587056635,1.55461451715415
0.4244394394394394,0.9889829784947641,0.540137485429146,1.5291204639239102
0.4267407407407407,0.962554448282221,0.54104594098216,1.503600389264381
0.429042042042042,0.9361180899332585,0.5419487403423684,1.478066830275627
0.4313433433433433,0.9096867826180159,0.5428458985471155,1.4525326811651316
0.43364464464464464,0.883273767479185,0.5437374306913613,1.4270111981705462
0.43594594594594593,0.8568926525844184,0.5446233519256316,1.40151600451005
0.43824724724724723,0.8305574179063053,0.5455036774539856,1.376061095360291
0.4405485485485485,0.8042824203299197,0.5463784225320009,1.3506608428619207
0.4428498498498498,0.7780823986879465,0.5472476024647729,1.3253300011527194
0.4451511511511511,0.7519724788233828,0.5481112326049318,1.3000837114283146
0.4474524524524524,0.7259681786798091,0.5489693283506752,1.2749375070304843
0.4497537537537537,0.7000854134192315,0.5498219051438133,1.2499073185630447
0.452055055055055,0.6743405005674934,0.5506689784678344,1.2250094790353279
0.45435635635635635,0.6487501651872639,0.5515105638459782,1.200260729033242
0.45665765765765765,0.6233315450785973,0.5523466768393309,1.1756782219179283
0.45895895895895894,0.5981021960070559,0.5531773330449297,1.1512795290519855
0.46126026026026024,0.5730800969594065,0.5540025480938828,1.1270826450532894
0.46356156156156153,0.5482836554268897,0.5548223376495028,1.1031059930763925
0.4658628628628628,0.5237317127160527,0.555636717405456,1.0793684301215087
0.4681641641641641,0.4994435492871618,0.5564457030839203,1.055889252371082
0.4704654654654654,0.4754388901201725,0.5572493104337624,1.0326882005539348
0.4727667667667667,0.45173791010827485,0.5580475552287244,1.0097854653369993
0.47506806806806806,0.4283612394790067,0.5588404532656218,0.9872016927446285
0.47736936936936936,0.4053299692429438,0.5596280203625594,0.9649579896055032
0.47967067067067065,0.3826656566699459,0.5604102723571547,0.9430759290271006
0.48197197197197195,0.3603903307929816,0.5611872251047766,0.9215775558977581
0.48427327327327324,0.3385264979395205,0.5619588944767958,0.9004853924163163
0.48657457457457454,0.31709714729049526,0.5627252963588472,0.8798224436493425
0.48887587587587583,0.29612575646683437,0.5634864466491032,0.8596122031159376
0.4911771771771771,0.2756362971435639,0.5642423612565617,0.8398786584001257
0.4934784784784784,0.25565324069147577,0.564993056099343,0.8206462967908188
0.4957797797797798,0.23620156384637253,0.5657385471030006,0.8019401109493731
0.49808108108108107,0.2173067544058828,0.5664788501988416,0.7837856046047244
0.5003823823823823,0.19899481695384155,0.56721398132226,0.7662087982761016
0.5026836836836837,0.18129227861224442,0.5679439564110821,0.7492362350233265
0.5049849849849849,0.16422619482077513,0.5686687914039197,0.7328949862246948
0.5072862862862862,0.147824155143902,0.5693885022385389,0.7172126573824409
0.5095875875875876,0.13211428910554918,0.5701031048502371,0.7022173939557863
0.5118888888888888,0.11712527205133642,0.5708126151702331,0.6879378872215695
0.5141901901901902,0.10288633103839115,0.5715170491240648,0.6744033801624559
0.5164914914914914,0.08942725075273586,0.5722164226300025,0.6616436733827383
0.5187927927927928,0.07677837945425162,0.572910751597469,0.6496891310517205
0.521094094094094,0.06497063494920251,0.5736000519254731,0.6385706868746757
0.5233953953953954,0.05403551059034717,0.5742843395010515,0.6283198500913987
0.5256966966966966,0.044005081304617055,0.5749636301977246,0.6189687115023417
0.527997997997998,0.034912009648369574,0.5756379398739586,0.6105499495223282
0.5302992992992993,0.026789551890220097,0.5763072843716419,0.6030968362618621
0.5326006006006005,0.01967156412143973,0.5769716795145707,0.5966432436360105
0.5349019019019019,0.013592508393936813,0.5776311411069444,0.5912236495008811
0.5372032032032031,0.008587458885812567,0.5782856849318716,0.5868731438176842
0.5395045045045045,0.00469210809448476,0.5789353267498879,0.5836274348443726
0.5418058058058057,0.0019427730574002934,0.5795800822974815,0.5815228553548818
0.5441071071071071,0.0003764016003122005,0.5802199672856322,0.5805963688859443
0.5464084084084083,0.0,0.5808549973983568,0.5808549973983568
0.5487097097097097,0.0,0.5814851882912694,0.5814851882912694
0.551011011011011,0.0,0.5821105555901465,0.5821105555901465
0.5533123123123123,0.0,0.5827311148895069,0.5827311148895069
0.5556136136136136,0.0,0.5833468817512004,0.5833468817512004
0.5579149149149149,0.0,0.5839578717030036,0.5839578717030036
0.5602162162162162,0.0,0.5845641002372309,0.5845641002372309
0.5625175175175174,0.0,0.5851655828093509,0.5851655828093509
0.5648188188188188,0.0,0.5857623348366158,0.5857623348366158
0.56712012012012,0.0,0.5863543716966997,0.5863543716966997
0.5694214214214214,0.0,0.5869417087263455,0.5869417087263455
0.5717227227227227,0.0,0.5875243612200263,0.5875243612200263
0.574024024024024,0.0,0.5881023444286094,0.5881023444286094
0.5763253253253253,0.0,0.5886756735580383,0.5886756735580383
0.5786266266266266,0.0,0.5892443637680175,0.5892443637680175
0.5809279279279279,0.0,0.5898084301707127,0.5898084301707127
0.5832292292292292,0.0,0.5903678878294571,0.5903678878294571
0.5855305305305305,0.0,0.5909227517574689,0.5909227517574689
0.5878318318318317,0.0,0.59147303691658,0.59147303691658
0.5901331331331331,0.0,0.5920187582159713,0.5920187582159713
0.5924344344344344,0.0,0.5925599305109214,0.5925599305109214
0.5947357357357357,0.0,0.5930965686015617,0.5930965686015617
0.597037037037037,0.0,0.5936286872316449,0.5936286872316449
0.5993383383383383,0.0,0.5941563010873192,0.5941563010873192
0.6016396396396396,0.0,0.5946794247959161,0.5946794247959161
0.6039409409409409,0.0,0.5951980729247449,0.5951980729247449
0.6062422422422422,0.0,0.5957122599798992,0.5957122599798992
0.6085435435435435,0.0,0.5962220004050717,0.5962220004050717
0.6108448448448448,0.0,0.5967273085803799,0.5967273085803799
0.6131461461461462,0.0,0.5972281988211988,0.5972281988211988
0.6154474474474474,0.0,0.5977246853770093,0.5977246853770093
0.6177487487487487,0.0,0.5982167824302476,0.5982167824302476
0.62005005005005,0.0,0.5987045040951723,0.5987045040951723
0.6223513513513513,0.0,0.5991878644167378,0.5991878644167378
0.6246526526526526,0.0,0.5996668773694753,0.5996668773694753
0.6269539539539539,0.0,0.6001415568563885,0.6001415568563885
0.6292552552552552,0.0,0.6006119167078547,0.6006119167078547
0.6315565565565565,0.0,0.601077970680537,0.601077970680537
0.6338578578578579,0.0,0.6015397324563072,0.6015397324563072
0.6361591591591591,0.0,0.6019972156411768,0.6019972156411768
0.6384604604604605,0.0,0.6024504337642383,0.6024504337642383
0.6407617617617617,0.0,0.6028994002766167,0.6028994002766167
0.643063063063063,0.0,0.6033441285504303,0.6033441285504303
0.6453643643643643,0.0,0.6037846318777598,0.6037846318777598
0.6476656656656656,0.0,0.6042209234696299,0.6042209234696299
0.6499669669669669,0.0,0.6046530164549981,0.6046530164549981
0.6522682682682682,0.0,0.6050809238797535,0.6050809238797535
0.6545695695695696,0.0,0.605504658705728,0.605504658705728
0.6568708708708708,0.0,0.605924233809712,0.605924233809712
0.6591721721721722,0.0,0.6063396619824852,0.6063396619824852
0.6614734734734734,0.0,0.6067509559278528,0.6067509559278528
0.6637747747747748,0.0,0.6071581282616946,0.6071581282616946
0.666076076076076,0.0,0.6075611915110215,0.6075611915110215
0.6683773773773773,0.0,0.6079601581130425,0.6079601581130425
0.6706786786786786,0.0,0.6083550404142408,0.6083550404142408
0.6729799799799799,0.0,0.608745850669462,0.608745850669462
0.6752812812812813,0.0,0.6091326010410081,0.6091326010410081
0.6775825825825825,0.0,0.6095153035977435,0.6095153035977435
0.6798838838838839,0.0,0.6098939703142111,0.6098939703142111
0.6821851851851851,0.0,0.6102686130697562,0.6102686130697562
0.6844864864864865,0.0,0.6106392436476623,0.6106392436476623
0.6867877877877877,0.0,0.6110058737342938,0.6110058737342938
0.6890890890890891,0.0,0.6113685149182513,0.6113685149182513
0.6913903903903903,0.0,0.6117271786895345,0.6117271786895345
0.6936916916916916,0.0,0.612081876438716,0.612081876438716
0.695992992992993,0.0,0.6124326194561235,0.6124326194561235
0.6982942942942942,0.0,0.6127794189310328,0.6127794189310328
0.7005955955955956,0.0,0.6131222859508705,0.6131222859508705
0.7028968968968968,0.0,0.6134612315004251,0.6134612315004251
0.7051981981981982,0.0,0.6137962664610693,0.6137962664610693
0.7074994994994994,0.0,0.6141274016099914,0.6141274016099914
0.7098008008008008,0.0,0.6144546476194355,0.6144546476194355
0.712102102102102,0.0,0.6147780150559528,0.6147780150559528
0.7144034034034034,0.0,0.6150975143796619,0.6150975143796619
0.7167047047047047,0.0,0.615413155943519,0.615413155943519
0.719006006006006,0.0,0.6157249499925973,0.6157249499925973
0.7213073073073073,0.0,0.6160329066633758,0.6160329066633758
0.7236086086086085,0.0,0.6163370359830405,0.6163370359830405
0.7259099099099099,0.0,0.6166373478687903,0.6166373478687903
0.7282112112112111,0.0,0.6169338521271586,0.6169338521271586
0.7305125125125125,0.0,0.6172265584533391,0.6172265584533391
0.7328138138138137,0.0,0.6175154764305238,0.6175154764305238
0.7351151151151151,0.0,0.617800615529253,0.617800615529253
0.7374164164164164,0.0,0.6180819851067697,0.6180819851067697
0.7397177177177177,0.0,0.6183595944063881,0.6183595944063881
0.742019019019019,0.0,0.6186334525568702,0.6186334525568702
0.7443203203203203,0.0,0.6189035685718118,0.6189035685718118
0.7466216216216216,0.0,0.6191699513490396,0.6191699513490396
0.7489229229229228,0.0,0.619432609670015,0.619432609670015
0.7512242242242242,0.0,0.6196915521992522,0.6196915521992522
0.7535255255255254,0.0,0.6199467874837418,0.6199467874837418
0.7558268268268268,0.0,0.6201983239523863,0.6201983239523863
0.758128128128128,0.0,0.6204461699154448,0.6204461699154448
0.7604294294294294,0.0,0.6206903335639872,0.6206903335639872
0.7627307307307307,0.0,0.6209308229693589,0.6209308229693589
0.765032032032032,0.0,0.6211676460826546,0.6211676460826546
0.7673333333333333,0.0,0.6214008107342014,0.6214008107342014
0.7696346346346346,0.0,0.6216303246330521,0.6216303246330521
0.7719359359359359,0.0,0.6218561953664901,0.6218561953664901
0.7742372372372371,0.0,0.6220784303995387,0.6220784303995387
0.7765385385385385,0.0,0.6222970370744884,0.6222970370744884
0.7788398398398397,0.0,0.6225120226104239,0.6225120226104239
0.7811411411411411,0.0,0.6227233941027711,0.6227233941027711
0.7834424424424424,0.0,0.622931158522846,0.622931158522846
0.7857437437437437,0.0,0.6231353227174159,0.6231353227174159
0.788045045045045,0.0,0.623335893408273,0.623335893408273
0.7903463463463463,0.0,0.6235328771918144,0.6235328771918144
0.7926476476476476,0.0,0.6237262805386312,0.6237262805386312
0.7949489489489489,0.0,0.6239161097931127,0.6239161097931127
0.7972502502502502,0.0,0.6241023711730522,0.6241023711730522
0.7995515515515514,0.0,0.6242850707692715,0.6242850707692715
0.8018528528528528,0.0,0.6244642145452483,0.6244642145452483
0.8041541541541541,0.0,0.6246398083367553,0.6246398083367553
0.8064554554554554,0.0,0.624811857851511,0.624811857851511
0.8087567567567567,0.0,0.6249803686688395,0.6249803686688395
0.811058058058058,0.0,0.6251453462393368,0.6251453462393368
0.8133593593593593,0.0,0.6253067958845514,0.6253067958845514
0.8156606606606606,0.0,0.625464722796673,0.625464722796673
0.8179619619619619,0.0,0.6256191320382287,0.6256191320382287
0.8202632632632632,0.0,0.6257700285417943,0.6257700285417943
0.8225645645645645,0.0,0.6259174171097084,0.6259174171097084
0.8248658658658659,0.0,0.6260613024138024,0.6260613024138024
0.8271671671671671,0.0,0.6262016889951382,0.6262016889951382
0.8294684684684684,0.0,0.6263385812637529,0.6263385812637529
0.8317697697697697,0.0,0.6264719834984184,0.6264719834984184
0.834071071071071,0.0,0.6266018998464058,0.6266018998464058
0.8363723723723723,0.0,0.6267283343232639,0.6267283343232639
0.8386736736736736,0.0,0.6268512908126045,0.6268512908126045
0.8409749749749749,0.0,0.6269707730658987,0.6269707730658987
0.8432762762762762,0.0,0.6270867847022823,0.6270867847022823
0.8455775775775776,0.0,0.6271993292083724,0.6271993292083724
0.8478788788788788,0.0,0.6273084099380927,0.6273084099380927
0.8501801801801802,0.0,0.627414030112508,0.627414030112508
0.8524814814814814,0.0,0.6275161928196702,0.6275161928196702
0.8547827827827827,0.0,0.6276149010144726,0.6276149010144726
0.857084084084084,0.0,0.6277101575185152,0.6277101575185152
0.8593853853853853,0.0,0.6278019650199784,0.6278019650199784
0.8616866866866866,0.0,0.6278903260735088,0.6278903260735088
0.8639879879879879,0.0,0.627975243100111,0.627975243100111
0.8662892892892893,0.0,0.6280567183870543,0.6280567183870543
0.8685905905905905,0.0,0.6281347540877842,0.6281347540877842
0.8708918918918919,0.0,0.6282093522218467,0.6282093522218467
0.8731931931931931,0.0,0.628280514674823,0.628280514674823
0.8754944944944945,0.0,0.6283482431982708,0.6283482431982708
0.8777957957957957,0.0,0.6284125394096778,0.6284125394096778
0.880097097097097,0.0,0.628473404792426,0.628473404792426
0.8823983983983983,0.0,0.6285308406957626,0.6285308406957626
0.8846996996996996,0.0,0.628584848334783,0.628584848334783
0.887001001001001,0.0,0.6286354287904239,0.6286354287904239
0.8893023023023022,0.0,0.6286825830094654,0.6286825830094654
0.8916036036036036,0.0,0.6287263118045412,0.6287263118045412
0.8939049049049048,0.0,0.6287666158541626,0.6287666158541626
0.8962062062062062,0.0,0.6288034957027492,0.6288034957027492
0.8985075075075074,0.0,0.6288369517606709,0.6288369517606709
0.9008088088088088,0.0,0.6288669843042982,0.6288669843042982
0.90311011011011,0.0,0.6288935934760648,0.6288935934760648
0.9054114114114113,0.0,0.628916779284537,0.628916779284537
0.9077127127127127,0.0,0.628936541604496,0.628936541604496
0.9100140140140139,0.0,0.6289528801770277,0.6289528801770277
0.9123153153153153,0.0,0.6289657946096238,0.6289657946096238
0.9146166166166165,0.0,0.6289752843762916,0.6289752843762916
0.9169179179179179,0.0,0.6289813488176749,0.6289813488176749
0.9192192192192191,0.0,0.628983987141183,0.628983987141183
0.9215205205205205,0.0,0.6289831984211317,0.6289831984211317
0.9238218218218217,0.0,0.6289789815988931,0.6289789815988931
0.9261231231231231,0.0,0.6289713354830533,0.6289713354830533
0.9284244244244244,0.0,0.6289602587495848,0.6289602587495848
0.9307257257257256,0.0,0.6289457499420235,0.6289457499420235
0.933027027027027,0.0,0.6289278074716591,0.6289278074716591
0.9353283283283282,0.0,0.6289064296177331,0.6289064296177331
0.9376296296296296,0.0,0.6288816145276492,0.6288816145276492
0.9399309309309308,0.0,0.6288533602171896,0.6288533602171896
0.9422322322322322,0.0,0.6288216645707467,0.6288216645707467
0.9445335335335334,0.0,0.6287865253415587,0.6287865253415587
0.9468348348348348,0.0,0.6287479401519596,0.6287479401519596
0.9491361361361361,0.0,0.6287059064936368,0.6287059064936368
0.9514374374374374,0.0,0.628660421727899,0.628660421727899
0.9537387387387387,0.0,0.6286114830859549,0.6286114830859549
0.95604004004004,0.0,0.6285590876691999,0.6285590876691999
0.9583413413413413,0.0,0.6285032324495136,0.6285032324495136
0.9606426426426425,0.0,0.6284439142695687,0.6284439142695687
0.9629439439439439,0.0,0.6283811298431469,0.6283811298431469
0.9652452452452451,0.0,0.628314875755467,0.628314875755467
0.9675465465465465,0.0,0.6282451484635213,0.6282451484635213
0.9698478478478478,0.0,0.6281719442964239,0.6281719442964239
0.9721491491491491,0.0,0.628095259455765,0.628095259455765
0.9744504504504504,0.0,0.6280150900159802,0.6280150900159802
0.9767517517517517,0.0,0.6279314319247261,0.6279314319247261
0.979053053053053,0.0,0.6278442810032658,0.6278442810032658
0.9813543543543543,0.0,0.6277536329468673,0.6277536329468673
0.9836556556556556,0.0,0.6276594833252067,0.6276594833252067
0.9859569569569568,0.0,0.6275618275827877,0.6275618275827877
0.9882582582582582,0.0,0.6274606610393653,0.6274606610393653
0.9905595595595595,0.0,0.6273559788903819,0.6273559788903819
0.9928608608608608,0.0,0.6272477762074132,0.6272477762074132
0.9951621621621621,0.0,0.6271360479386249,0.6271360479386249
0.9974634634634634,0.0,0.6270207889092362,0.6270207889092362
0.9997647647647647,0.0,0.6269019938219959,0.6269019938219959
1.0020660660660659,0.0,0.6267796572576676,0.6267796572576676
1.0043673673673672,0.0,0.6266537736755269,0.6266537736755269
1.0066686686686686,0.0,0.6265243374138625,0.6265243374138625
1.0089699699699697,0.0,0.6263913426904937,0.6263913426904937
1.011271271271271,0.0,0.6262547836032946,0.6262547836032946
1.0135725725725724,0.0,0.6261146541307281,0.6261146541307281
1.0158738738738737,0.0,0.6259709481323924,0.6259709481323924
1.018175175175175,0.0,0.6258236593495727,0.6258236593495727
1.0204764764764762,0.0,0.6256727814058072,0.6256727814058072
1.0227777777777776,0.0,0.6255183078074611,0.6255183078074611
1.025079079079079,0.0,0.62536023194431,0.62536023194431
1.0273803803803803,0.0,0.6251985470901354,0.6251985470901354
1.0296816816816814,0.0,0.6250332464033265,0.6250332464033265
1.0319829829829827,0.0,0.6248643229274955,0.6248643229274955
1.034284284284284,0.0,0.6246917695921008,0.6246917695921008
1.0365855855855854,0.0,0.6245155792130803,0.6245155792130803
1.0388868868868868,0.0,0.6243357444934955,0.6243357444934955
1.041188188188188,0.0,0.6241522580241833,0.6241522580241833
1.0434894894894893,0.0,0.6239651122844218,0.6239651122844218
1.0457907907907906,0.0,0.6237742996426002,0.6237742996426002
1.048092092092092,0.0,0.6235798123569055,0.6235798123569055
1.050393393393393,0.0,0.6233816425760121,0.6233816425760121
1.0526946946946945,0.0,0.6231797823397862,0.6231797823397862
1.0549959959959958,0.0,0.6229742235799983,0.6229742235799983
1.0572972972972972,0.0,0.6227649581210463,0.6227649581210463
1.0595985985985985,0.0,0.6225519776806873,0.6225519776806873
1.0618998998998996,0.0,0.6223352738707795,0.6223352738707795
1.064201201201201,0.0,0.6221148381980359,0.6221148381980359
1.0665025025025023,0.0,0.6218906620647858,0.6218906620647858
1.0688038038038037,0.0,0.6216627367697469,0.6216627367697469
1.0711051051051048,0.0,0.6214310535088075,0.6214310535088075
1.0734064064064062,0.0,0.6211956033758176,0.6211956033758176
1.0757077077077075,0.0,0.6209563773633927,0.6209563773633927
1.0780090090090089,0.0,0.6207133663637225,0.6207133663637225
1.0803103103103102,0.0,0.6204665611693959,0.6204665611693959
1.0826116116116113,0.0,0.6202159524742304,0.6202159524742304
1.0849129129129127,0.0,0.6199615308741132,0.6199615308741132
1.087214214214214,0.0,0.6197032868678546,0.6197032868678546
1.0895155155155154,0.0,0.6194412108580473,0.6194412108580473
1.0918168168168165,0.0,0.6191752931519384,0.6191752931519384
1.0941181181181179,0.0,0.6189055239623102,0.6189055239623102
1.0964194194194192,0.0,0.6186318934083722,0.6186318934083722
1.0987207207207206,0.0,0.6183543915166602,0.6183543915166602
1.101022022022022,0.0,0.6180730082219481,0.6180730082219481
1.103323323323323,0.0,0.6177877333681688,0.6177877333681688
1.1056246246246244,0.0,0.6174985567093448,0.6174985567093448
1.1079259259259258,0.0,0.6172054679105277,0.6172054679105277
1.110227227227227,0.0,0.6169084565487499,0.6169084565487499
1.1125285285285282,0.0,0.6166075121139845,0.6166075121139845
1.1148298298298296,0.0,0.616302624010115,0.616302624010115
1.117131131131131,0.0,0.6159937815559163,0.6159937815559163
1.1194324324324323,0.0,0.6156809739860448,0.6156809739860448
1.1217337337337336,0.0,0.6153641904520372,0.6153641904520372
1.1240350350350348,0.0,0.6150434200233215,0.6150434200233215
1.1263363363363361,0.0,0.6147186516882372,0.6147186516882372
1.1286376376376375,0.0,0.6143898743550631,0.6143898743550631
1.1309389389389388,0.0,0.6140570768530597,0.6140570768530597
1.13324024024024,0.0,0.6137202479335162,0.6137202479335162
1.1355415415415413,0.0,0.6133793762708117,0.6133793762708117
1.1378428428428426,0.0,0.6130344504634835,0.6130344504634835
1.140144144144144,0.0,0.6126854590353072,0.6126854590353072
1.1424454454454454,0.0,0.6123323904363859,0.6123323904363859
1.1447467467467465,0.0,0.6119752330442486,0.6119752330442486
1.1470480480480478,0.0,0.6116139751649594,0.6116139751649594
1.1493493493493492,0.0,0.6112486050342377,0.6112486050342377
1.1516506506506505,0.0,0.6108791108185856,0.6108791108185856
1.1539519519519517,0.0,0.6105054806164273,0.6105054806164273
1.156253253253253,0.0,0.6101277024592583,0.6101277024592583
1.1585545545545544,0.0,0.609745764312803,0.609745764312803
1.1608558558558557,0.0,0.6093596540781848,0.6093596540781848
1.163157157157157,0.0,0.6089693595931026,0.6089693595931026
1.1654584584584582,0.0,0.6085748686330209,0.6085748686330209
1.1677597597597595,0.0,0.6081761689123676,0.6081761689123676
1.170061061061061,0.0,0.6077732480857416,0.6077732480857416
1.1723623623623622,0.0,0.6073660937491323,0.6073660937491323
1.1746636636636634,0.0,0.6069546934411466,0.6069546934411466
1.1769649649649647,0.0,0.6065390346442479,0.6065390346442479
1.179266266266266,0.0,0.6061191047860015,0.6061191047860015
1.1815675675675674,0.0,0.605694891240337,0.605694891240337
1.1838688688688688,0.0,0.6052663813288114,0.6052663813288114
1.18617017017017,0.0,0.6048335623218901,0.6048335623218901
1.1884714714714713,0.0,0.6043964214402331,0.6043964214402331
1.1907727727727726,0.0,0.6039549458559922,0.6039549458559922
1.193074074074074,0.0,0.6035091226941197,0.6035091226941197
1.195375375375375,0.0,0.6030589390336849,0.6030589390336849
1.1976766766766764,0.0,0.602604381909202,0.602604381909202
1.1999779779779778,0.0,0.6021454383119662,0.6021454383119662
1.2022792792792791,0.0,0.6016820951914028,0.6016820951914028
1.2045805805805805,0.0,0.6012143394564227,0.6012143394564227
1.2068818818818816,0.0,0.6007421579767903,0.6007421579767903
1.209183183183183,0.0,0.6002655375844994,0.6002655375844994
1.2114844844844843,0.0,0.5997844650751616,0.5997844650751616
1.2137857857857857,0.0,0.5992989272094021,0.5992989272094021
1.2160870870870868,0.0,0.5988089107142665,0.5988089107142665
1.2183883883883881,0.0,0.5983144022846378,0.5983144022846378
1.2206896896896895,0.0,0.5978153885846624,0.5978153885846624
1.2229909909909908,0.0,0.597311856249188,0.597311856249188
1.2252922922922922,0.0,0.596803791885208,0.596803791885208
1.2275935935935933,0.0,0.5962911820733195,0.5962911820733195
1.2298948948948947,0.0,0.5957740133691892,0.5957740133691892
1.232196196196196,0.0,0.595252272305029,0.595252272305029
1.2344974974974974,0.0,0.5947259453910831,0.5947259453910831
1.2367987987987985,0.0,0.5941950191171232,0.5941950191171232
1.2391001001000999,0.0,0.5936594799539557,0.5936594799539557
1.2414014014014012,0.0,0.5931193143549359,0.5931193143549359
1.2437027027027026,0.0,0.5925745087574954,0.5925745087574954
1.246004004004004,0.0,0.5920250495846779,0.5920250495846779
1.248305305305305,0.0,0.5914709232466835,0.5914709232466835
1.2506066066066064,0.0,0.5909121161424261,0.5909121161424261
1.2529079079079077,0.0,0.590348614661097,0.590348614661097
1.255209209209209,0.0,0.5897804051837428,0.5897804051837428
1.2575105105105102,0.0,0.5892074740848495,0.5892074740848495
1.2598118118118116,0.0,0.5886298077339374,0.5886298077339374
1.262113113113113,0.0,0.588047392497168,0.588047392497168
1.2644144144144143,0.0,0.5874602147389572,0.5874602147389572
1.2667157157157156,0.0,0.5868682608236029,0.5868682608236029
1.2690170170170167,0.0,0.5862715171169178,0.5862715171169178
1.271318318318318,0.0,0.585669969987876,0.585669969987876
1.2736196196196194,0.0,0.5850636058102671,0.5850636058102671
1.2759209209209208,0.0,0.5844524109643618,0.5844524109643618
1.278222222222222,0.0,0.5838363718385867,0.5838363718385867
1.2805235235235233,0.0,0.583215474831208,0.583215474831208
1.2828248248248246,0.0,0.5825897063520274,0.5825897063520274
1.285126126126126,0.0,0.5819590528240868,0.5819590528240868
1.2874274274274273,0.0,0.5813235006853817,0.5813235006853817
1.2897287287287285,0.0,0.5806830363905869,0.5806830363905869
1.2920300300300298,0.0,0.5800376464127902,0.5800376464127902
1.2943313313313312,0.0,0.5793873172452377,0.5793873172452377
1.2966326326326325,0.0,0.5787320354030866,0.5787320354030866
1.2989339339339336,0.0,0.5780717874251712,0.5780717874251712
1.301235235235235,0.0,0.5774065598757747,0.5774065598757747
1.3035365365365363,0.0,0.5767363393464167,0.5767363393464167
1.3058378378378377,0.0,0.5760611124576447,0.5760611124576447
1.308139139139139,0.0,0.5753808658608384,0.5753808658608384
1.3104404404404402,0.0,0.5746955862400244,0.5746955862400244
1.3127417417417415,0.0,0.5740052603136994,0.5740052603136994
1.3150430430430429,0.0,0.5733098748366638,0.5733098748366638
1.3173443443443442,0.0,0.5726094166018671,0.5726094166018671
1.3196456456456453,0.0,0.5719038724422598,0.5719038724422598
1.3219469469469467,0.0,0.5711932292326565,0.5711932292326565
1.324248248248248,0.0,0.5704774738916119,0.5704774738916119
1.3265495495495494,0.0,0.569756593383302,0.569756593383302
1.3288508508508508,0.0,0.5690305747194186,0.5690305747194186
1.3311521521521519,0.0,0.5682994049610728,0.5682994049610728
1.3334534534534532,0.0,0.5675630712207068,0.5675630712207068
1.3357547547547546,0.0,0.566821560664019,0.566821560664019
1.338056056056056,0.0,0.5660748605118967,0.5660748605118967
1.340357357357357,0.0,0.565322958042358,0.565322958042358
1.3426586586586584,0.0,0.5645658405925055,0.5645658405925055
1.3449599599599598,0.0,0.5638034955604905,0.5638034955604905
1.3472612612612611,0.0,0.5630359104074838,0.5630359104074838
1.3495625625625625,0.0,0.5622630726596605,0.5622630726596605
1.3518638638638636,0.0,0.5614849699101908,0.5614849699101908
1.354165165165165,0.0,0.5607015898212449,0.5607015898212449
1.3564664664664663,0.0,0.5599129201260032,0.5599129201260032
1.3587677677677676,0.0,0.5591189486306817,0.5591189486306817
1.3610690690690688,0.0,0.5583196632165617,0.5583196632165617
1.3633703703703701,0.0,0.5575150518420345,0.5575150518420345
1.3656716716716715,0.0,0.5567051025446523,0.5567051025446523
1.3679729729729728,0.0,0.5558898034431918,0.5558898034431918
1.3702742742742742,0.0,0.5550691427397255,0.5550691427397255
1.3725755755755753,0.0,0.554243108721704,0.554243108721704
1.3748768768768767,0.0,0.5534116897640492,0.5534116897640492
1.377178178178178,0.0,0.5525748743312549,0.5525748743312549
1.3794794794794794,0.0,0.5517326509794996,0.5517326509794996
1.3817807807807805,0.0,0.5508850083587692,0.5508850083587692
1.3840820820820818,0.0,0.5500319352149871,0.5500319352149871
1.3863833833833832,0.0,0.5491734203921583,0.5491734203921583
1.3886846846846845,0.0,0.5483094528345188,0.5483094528345188
1.3909859859859859,0.0,0.5474400215886993,0.5474400215886993
1.393287287287287,0.0,0.5465651158058964,0.5465651158058964
1.3955885885885884,0.0,0.5456847247440536,0.5456847247440536
1.3978898898898897,0.0,0.5447988377700528,0.5447988377700528
1.400191191191191,0.0,0.5439074443619167,0.5439074443619167
1.4024924924924922,0.0,0.5430105341110198,0.5430105341110198
1.4047937937937935,0.0,0.5421080967243098,0.5421080967243098
1.407095095095095,0.0,0.5412001220265384,0.5412001220265384
1.4093963963963962,0.0,0.540286599962503,0.540286599962503
1.4116976976976976,0.0,0.5393675205992987,0.5393675205992987
1.4139989989989987,0.0,0.5384428741285776,0.5384428741285776
1.4163003003003,0.0,0.537512650868822,0.537512650868822
1.4186016016016014,0.0,0.5365768412676232,0.5365768412676232
1.4209029029029028,0.0,0.5356354359039747,0.5356354359039747
1.423204204204204,0.0,0.534688425490571,0.534688425490571
1.4255055055055053,0.0,0.5337358008761204,0.5337358008761204
1.4278068068068066,0.0,0.5327775530476639,0.5327775530476639
1.430108108108108,0.0,0.5318136731329078,0.5318136731329078
1.4324094094094093,0.0,0.530844152402563,0.530844152402563
1.4347107107107104,0.0,0.5298689822726957,0.5298689822726957
1.4370120120120118,0.0,0.5288881543070889,0.5288881543070889
1.4393133133133131,0.0,0.5279016602196122,0.5279016602196122
1.4416146146146145,0.0,0.5269094918766019,0.5269094918766019
1.4439159159159156,0.0,0.5259116412992523,0.5259116412992523
1.446217217217217,0.0,0.5249081006660151,0.5249081006660151
1.4485185185185183,0.0,0.5238988623150101,0.5238988623150101
1.4508198198198197,0.0,0.5228839187464465,0.5228839187464465
1.453121121121121,0.0,0.52186326262505,0.52186326262505
1.4554224224224221,0.0,0.5208368867825064,0.5208368867825064
1.4577237237237235,0.0,0.5198047842199094,0.5198047842199094
1.4600250250250248,0.0,0.518766948110221,0.518766948110221
1.4623263263263262,0.0,0.5177233718007423,0.5177233718007423
1.4646276276276273,0.0,0.5166740488155923,0.5166740488155923
1.4669289289289287,0.0,0.515618972858198,0.515618972858198
1.46923023023023,0.0,0.5145581378137943,0.5145581378137943
1.4715315315315314,0.0,0.5134915377519337,0.5134915377519337
1.4738328328328327,0.0,0.5124191669290064,0.5124191669290064
1.4761341341341339,0.0,0.511341019790768,0.511341019790768
1.4784354354354352,0.0,0.5102570909748815,0.5102570909748815
1.4807367367367366,0.0,0.5091673753134649,0.5091673753134649
1.483038038038038,0.0,0.508071867835652,0.508071867835652
1.485339339339339,0.0,0.5069705637701604,0.5069705637701604
1.4876406406406404,0.0,0.5058634585478712,0.5058634585478712
1.4899419419419417,0.0,0.5047505478044195,0.5047505478044195
1.492243243243243,0.0,0.5036318273827916,0.5036318273827916
1.4945445445445442,0.0,0.5025072933359354,0.5025072933359354
1.4968458458458456,0.0,0.5013769419293791,0.5013769419293791
1.499147147147147,0.0,0.5002407696438598,0.5002407696438598
1.5014484484484483,0.0,0.4990987731779634,0.4990987731779634
1.5037497497497496,0.0,0.4979509494507728,0.4979509494507728
1.5060510510510507,0.0,0.4967972956045269,0.4967972956045269
1.508352352352352,0.0,0.49563780900728893,0.49563780900728893
1.5106536536536534,0.0,0.49447248725562576,0.49447248725562576
1.5129549549549548,0.0,0.49330132817729705,0.49330132817729705
1.515256256256256,0.0,0.49212432983395243,0.49212432983395243
1.5175575575575573,0.0,0.4909414905238414,0.4909414905238414
1.5198588588588586,0.0,0.4897528087845307,0.4897528087845307
1.52216016016016,0.0,0.4885582833956335,0.4885582833956335
1.5244614614614613,0.0,0.48735791338154794,0.48735791338154794
1.5267627627627625,0.0,0.48615169801420494,0.48615169801420494
1.5290640640640638,0.0,0.4849396368158264,0.4849396368158264
1.5313653653653652,0.0,0.483721729561694,0.483721729561694
1.5336666666666665,0.0,0.4824979762829269,0.4824979762829269
1.5359679679679676,0.0,0.4812683772692703,0.4812683772692703
1.538269269269269,0.0,0.4800329330718928,0.4800329330718928
1.5405705705705703,0.0,0.47879164450619444,0.47879164450619444
1.5428718718718717,0.0,0.4775445126546259,0.4775445126546259
1.545173173173173,0.0,0.47629153886951475,0.47629153886951475
1.5474744744744742,0.0,0.475032724775905,0.475032724775905
1.5497757757757755,0.0,0.47376807227440254,0.47376807227440254
1.5520770770770769,0.0,0.47249758354403476,0.47249758354403476
1.5543783783783782,0.0,0.47122126104511786,0.47122126104511786
1.5566796796796794,0.0,0.46993910752213425,0.46993910752213425
1.5589809809809807,0.0,0.4686511260066205,0.4686511260066205
1.561282282282282,0.0,0.46735731982006307,0.46735731982006307
1.5635835835835834,0.0,0.4660576925768085,0.4660576925768085
1.5658848848848848,0.0,0.464752248186979,0.464752248186979
1.5681861861861859,0.0,0.4634409908594004,0.4634409908594004
1.5704874874874872,0.0,0.4621239251045389,0.4621239251045389
1.5727887887887886,0.0,0.46080105573744884,0.46080105573744884
1.57509009009009,0.0,0.45947238788073036,0.45947238788073036
1.577391391391391,0.0,0.45813792696749456,0.45813792696749456
1.5796926926926924,0.0,0.45679767874434263,0.45679767874434263
1.5819939939939938,0.0,0.45545164927435217,0.45545164927435217
1.5842952952952951,0.0,0.4540998449400747,0.4540998449400747
1.5865965965965965,0.0,0.45274227244654014,0.45274227244654014
1.5888978978978976,0.0,0.45137893882427677,0.45137893882427677
1.591199199199199,0.0,0.45000985143233635,0.45000985143233635
1.5935005005005003,0.0,0.44863501796133143,0.44863501796133143
1.5958018018018016,0.0,0.44725444643648177,0.44725444643648177
1.5981031031031028,0.0,0.44586814522067064,0.44586814522067064
1.6004044044044041,0.0,0.44447612301751177,0.44447612301751177
1.6027057057057055,0.0,0.4430783888744269,0.4430783888744269
1.6050070070070068,0.0,0.4416749521857292,0.4416749521857292
1.6073083083083082,0.0,0.4402658226957244,0.4402658226957244
1.6096096096096093,0.0,0.43885101050181186,0.43885101050181186
1.6119109109109107,0.0,0.43743052605760435,0.43743052605760435
1.614212212212212,0.0,0.4360043801760542,0.4360043801760542
1.6165135135135134,0.0,0.43457258403258775,0.43457258403258775
1.6188148148148145,0.0,0.4331351491682533,0.4331351491682533
1.6211161161161158,0.0,0.43169208749287546,0.43169208749287546
1.6234174174174172,0.0,0.4302434112882223,0.4302434112882223
1.6257187187187185,0.0,0.4287891332111813,0.4287891332111813
1.6280200200200199,0.0,0.42732926629694473,0.42732926629694473
1.630321321321321,0.0,0.4258638239622071,0.4258638239622071
1.6326226226226224,0.0,0.4243928200083682,0.4243928200083682
1.6349239239239237,0.0,0.42291626862475046,0.42291626862475046
1.637225225225225,0.0,0.42143418439182584,0.42143418439182584
1.6395265265265262,0.0,0.41994658228444925,0.41994658228444925
1.6418278278278275,0.0,0.418453477675106,0.418453477675106
1.644129129129129,0.0,0.4169548863371655,0.4169548863371655
1.6464304304304302,0.0,0.4154508244481488,0.4154508244481488
1.6487317317317316,0.0,0.41394130859300177,0.41394130859300177
1.6510330330330327,0.0,0.41242635576738335,0.41242635576738335
1.653334334334334,0.0,0.41090598338095813,0.41090598338095813
1.6556356356356354,0.0,0.40938020926070273,0.40938020926070273
1.6579369369369368,0.0,0.4078490516542221,0.4078490516542221
1.660238238238238,0.0,0.4063125292330721,0.4063125292330721
1.6625395395395393,0.0,0.40477066109609794,0.40477066109609794
1.6648408408408406,0.0,0.4032234667727764,0.4032234667727764
1.667142142142142,0.0,0.4016709662265725,0.4016709662265725
1.6694434434434433,0.0,0.4001131798583031,0.4001131798583031
1.6717447447447444,0.0,0.398550128509514,0.398550128509514
1.6740460460460458,0.0,0.39698183346586197,0.39698183346586197
1.6763473473473471,0.0,0.39540831646051205,0.39540831646051205
1.6786486486486485,0.0,0.3938295996775416,0.3938295996775416
1.6809499499499496,0.0,0.3922457057553532,0.3922457057553532
1.683251251251251,0.0,0.3906566577901016,0.3906566577901016
1.6855525525525523,0.0,0.3890624793391282,0.3890624793391282
1.6878538538538537,0.0,0.3874631944244034,0.3874631944244034
1.690155155155155,0.0,0.38585882753598416,0.38585882753598416
1.6924564564564561,0.0,0.3842494036354763,0.3842494036354763
1.6947577577577575,0.0,0.3826349481595082,0.3826349481595082
1.6970590590590588,0.0,0.3810154870232176,0.3810154870232176
1.6993603603603602,0.0,0.3793910466237449,0.3793910466237449
1.7016616616616613,0.0,0.37776165384373667,0.37776165384373667
1.7039629629629627,0.0,0.3761273360548598,0.3761273360548598
1.706264264264264,0.0,0.3744881211213265,0.3744881211213265
1.7085655655655654,0.0,0.3728440374034278,0.3728440374034278
1.7108668668668667,0.0,0.37119511376107833,0.37119511376107833
1.7131681681681679,0.0,0.3695413795573696,0.3695413795573696
1.7154694694694692,0.0,0.36788286466213255,0.36788286466213255
1.7177707707707706,0.0,0.3662195994555147,0.3662195994555147
1.720072072072072,0.0,0.36455161483156073,0.36455161483156073
1.722373373373373,0.0,0.36287894220180844,0.36287894220180844
1.7246746746746744,0.0,0.36120161349889124,0.36120161349889124
1.7269759759759757,0.0,0.3595196611801519,0.3595196611801519
1.729277277277277,0.0,0.35783311823126707,0.35783311823126707
1.7315785785785784,0.0,0.35614201816987917,0.35614201816987917
1.7338798798798796,0.0,0.3544463950492415,0.3544463950492415
1.736181181181181,0.0,0.3527462834618716,0.3527462834618716
1.7384824824824823,0.0,0.351041718543213,0.351041718543213
1.7407837837837836,0.0,0.3493327359753097,0.3493327359753097
1.7430850850850848,0.0,0.34761937199048965,0.34761937199048965
1.745386386386386,0.0,0.3459016633750577,0.3459016633750577
1.7476876876876875,0.0,0.34417964747299856,0.34417964747299856
1.7499889889889888,0.0,0.34245336218969075,0.34245336218969075
1.7522902902902902,0.0,0.34072284599562785,0.34072284599562785
1.7545915915915913,0.0,0.3389881379301539,0.3389881379301539
1.7568928928928926,0.0,0.3372492776052042,0.3372492776052042
1.759194194194194,0.0,0.3355063052090597,0.3355063052090597
1.7614954954954953,0.0,0.3337592615101091,0.3337592615101091
1.7637967967967965,0.0,0.3320081878606229,0.3320081878606229
1.7660980980980978,0.0,0.33025312620053277,0.33025312620053277
1.7683993993993992,0.0,0.32849411906122894,0.32849411906122894
1.7707007007007005,0.0,0.3267312095693597,0.3267312095693597
1.7730020020020019,0.0,0.32496444145064457,0.32496444145064457
1.775303303303303,0.0,0.32319385903369846,0.32319385903369846
1.7776046046046043,0.0,0.32141950725386037,0.32141950725386037
1.7799059059059057,0.0,0.31964143165704023,0.31964143165704023
1.782207207207207,0.0,0.3178596784035688,0.3178596784035688
1.7845085085085082,0.0,0.3160742942720612,0.3160742942720612
1.7868098098098095,0.0,0.31428532666328707,0.31428532666328707
1.7891111111111109,0.0,0.31249282360405506,0.31249282360405506
1.7914124124124122,0.0,0.3106968337511047,0.3106968337511047
1.7937137137137136,0.0,0.3088974063950077,0.3088974063950077
1.7960150150150147,0.0,0.30709459146408036,0.30709459146408036
1.798316316316316,0.0,0.30528843952830514,0.30528843952830514
1.8006176176176174,0.0,0.3034790018032644,0.3034790018032644
1.8029189189189188,0.0,0.3016663301540796,0.3016663301540796
1.8052202202202199,0.0,0.29985047709936535,0.29985047709936535
1.8075215215215212,0.0,0.29803149581519117,0.29803149581519117
1.8098228228228226,0.0,0.29620944013905076,0.29620944013905076
1.812124124124124,0.0,0.29438436457384765,0.29438436457384765
1.8144254254254253,0.0,0.2925563242918829,0.2925563242918829
1.8167267267267264,0.0,0.29072537513885977,0.29072537513885977
1.8190280280280278,0.0,0.2888915736378935,0.2888915736378935
1.8213293293293291,0.0,0.2870549769935344,0.2870549769935344
1.8236306306306305,0.0,0.2852156430957965,0.2852156430957965
1.8259319319319316,0.0,0.28337363052420245,0.28337363052420245
1.828233233233233,0.0,0.2815289985518317,0.2815289985518317
1.8305345345345343,0.0,0.2796818071493849,0.2796818071493849
1.8328358358358356,0.0,0.2778321169892526,0.2778321169892526
1.835137137137137,0.0,0.27597998944959684,0.27597998944959684
1.8374384384384381,0.0,0.2741254866184442,0.2741254866184442
1.8397397397397395,0.0,0.27226867129778426,0.27226867129778426
1.8420410410410408,0.0,0.2704096070076826,0.2704096070076826
1.8443423423423422,0.0,0.2685483579904011,0.2685483579904011
1.8466436436436433,0.0,0.2666849892145294,0.2666849892145294
1.8489449449449447,0.0,0.26481956637912296,0.26481956637912296
1.851246246246246,0.0,0.2629521559178591,0.2629521559178591
1.8535475475475474,0.0,0.2610828250031931,0.2610828250031931
1.8558488488488487,0.0,0.2592116415505316,0.2592116415505316
1.8581501501501498,0.0,0.25733867422241286,0.25733867422241286
1.8604514514514512,0.0,0.2554639924326944,0.2554639924326944
1.8627527527527525,0.0,0.25358766635075897,0.25358766635075897
1.865054054054054,0.0,0.25170976690572083,0.25170976690572083
1.867355355355355,0.0,0.24983036579064843,0.24983036579064843
1.8696566566566564,0.0,0.24794953546679305,0.24794953546679305
1.8719579579579577,0.0,0.24606734916783082,0.24606734916783082
1.874259259259259,0.0,0.24418388090411192,0.24418388090411192
1.8765605605605604,0.0,0.24229920546692155,0.24229920546692155
1.8788618618618615,0.0,0.24041339843275064,0.24041339843275064
1.881163163163163,0.0,0.23852653616757363,0.23852653616757363
1.8834644644644642,0.0,0.23663869583114178,0.23663869583114178
1.8857657657657656,0.0,0.2347499553812805,0.2347499553812805
1.8880670670670667,0.0,0.23286039357820149,0.23286039357820149
1.890368368368368,0.0,0.23097008998882124,0.23097008998882124
1.8926696696696694,0.0,0.22907912499109204,0.22907912499109204
1.8949709709709708,0.0,0.22718757977834003,0.22718757977834003
1.8972722722722721,0.0,0.22529553636361793,0.22529553636361793
1.8995735735735733,0.0,0.22340307758406125,0.22340307758406125
1.9018748748748746,0.0,0.2215102871052614,0.2215102871052614
1.904176176176176,0.0,0.21961724942564345,0.21961724942564345
1.9064774774774773,0.0,0.21772404988085503,0.21772404988085503
1.9087787787787784,0.0,0.2158307746481687,0.2158307746481687
1.9110800800800798,0.0,0.21393751075088782,0.21393751075088782
1.9133813813813811,0.0,0.21204434606276917,0.21204434606276917
1.9156826826826825,0.0,0.2101513693124506,0.2101513693124506
1.9179839839839838,0.0,0.20825867008789117,0.20825867008789117
1.920285285285285,0.0,0.20636633884081954,0.20636633884081954
1.9225865865865863,0.0,0.20447446689119328,0.20447446689119328
1.9248878878878877,0.0,0.20258314643167005,0.20258314643167005
1.927189189189189,0.0,0.20069247053208397,0.20069247053208397
1.9294904904904902,0.0,0.19880253314393756,0.19880253314393756
1.9317917917917915,0.0,0.19691342910489631,0.19691342910489631
1.9340930930930929,0.0,0.1950252541433031,0.1950252541433031
1.9363943943943942,0.0,0.19313810488269387,0.19313810488269387
1.9386956956956956,0.0,0.1912520788463271,0.1912520788463271
1.9409969969969967,0.0,0.18936727446172325,0.18936727446172325
1.943298298298298,0.0,0.18748379106521212,0.18748379106521212
1.9455995995995994,0.0,0.18560172890649285,0.18560172890649285
1.9479009009009007,0.0,0.1837211891532027,0.1837211891532027
1.9502022022022019,0.0,0.18184227389549557,0.18184227389549557
1.9525035035035032,0.0,0.17996508615062867,0.17996508615062867
1.9548048048048046,0.0,0.17808972986756466,0.17808972986756466
1.957106106106106,0.0,0.17621630993157644,0.17621630993157644
1.9594074074074073,0.0,0.1743449321688682,0.1743449321688682
1.9617087087087084,0.0,0.17247570335120266,0.17247570335120266
1.9640100100100097,0.0,0.17060873120053985,0.17060873120053985
1.966311311311311,0.0,0.1687441243936843,0.1687441243936843
1.9686126126126124,0.0,0.16688199256694444,0.16688199256694444
1.9709139139139136,0.0,0.1650224463208006,0.1650224463208006
1.973215215215215,0.0,0.16316559722458288,0.16316559722458288
1.9755165165165163,0.0,0.16131155782115966,0.16131155782115966
1.9778178178178176,0.0,0.15946044163163395,0.15946044163163395
1.980119119119119,0.0,0.1576123631600542,0.1576123631600542
1.98242042042042,0.0,0.15576743789812925,0.15576743789812925
1.9847217217217215,0.0,0.15392578232995865,0.15392578232995865
1.9870230230230228,0.0,0.1520875139367693,0.1520875139367693
1.9893243243243242,0.0,0.15025275120166223,0.15025275120166223
1.9916256256256253,0.0,0.1484216136143731,0.1484216136143731
1.9939269269269266,0.0,0.14659422167603658,0.14659422167603658
1.996228228228228,0.0,0.14477069690396652,0.14477069690396652
1.9985295295295293,0.0,0.1429511618364423,0.1429511618364423
2.000830830830831,0.0,0.14113574003750673,0.14113574003750673
2.003132132132132,0.0,0.13932455610177377,0.13932455610177377
2.005433433433433,0.0,0.13751773565924347,0.13751773565924347
2.0077347347347345,0.0,0.13571540538013369,0.13571540538013369
2.010036036036036,0.0,0.13391769297971426,0.13391769297971426
2.012337337337337,0.0,0.13212472722315535,0.13212472722315535
2.0146386386386386,0.0,0.13033663793038333,0.13033663793038333
2.0169399399399395,0.0,0.1285535559809507,0.1285535559809507
2.019241241241241,0.0,0.12677561331890955,0.12677561331890955
2.021542542542542,0.0,0.1250029429577023,0.1250029429577023
2.0238438438438435,0.0,0.12323567898505548,0.12323567898505548
2.026145145145145,0.0,0.1214739565678894,0.1214739565678894
2.0284464464464462,0.0,0.11971791195723255,0.11971791195723255
2.0307477477477476,0.0,0.11796768249315057,0.11796768249315057
2.033049049049049,0.0,0.11622340660968186,0.11622340660968186
2.0353503503503503,0.0,0.11448522383978471,0.11448522383978471
2.037651651651651,0.0,0.1127532748202943,0.1127532748202943
2.0399529529529525,0.0,0.11102770129688731,0.11102770129688731
2.042254254254254,0.0,0.10930864612906176,0.10930864612906176
2.0445555555555552,0.0,0.1075962532951219,0.1075962532951219
2.0468568568568566,0.0,0.10589066789717362,0.10589066789717362
2.049158158158158,0.0,0.10419203616613296,0.10419203616613296
2.0514594594594593,0.0,0.10250050546674133,0.10250050546674133
2.0537607607607606,0.0,0.10081622430259238,0.10081622430259238
2.056062062062062,0.0,0.09913934232116685,0.09913934232116685
2.058363363363363,0.0,0.09747001031888138,0.09747001031888138
2.0606646646646642,0.0,0.09580838024614219,0.09580838024614219
2.0629659659659656,0.0,0.09415460521241241,0.09415460521241241
2.065267267267267,0.0,0.0925088394912885,0.0925088394912885
2.0675685685685683,0.0,0.09087123852558561,0.09087123852558561
2.0698698698698696,0.0,0.08924195893243403,0.08924195893243403
2.072171171171171,0.0,0.08762115850838398,0.08762115850838398
2.0744724724724724,0.0,0.08600899623452317,0.08600899623452317
2.0767737737737737,0.0,0.0844056322816021,0.0844056322816021
2.0790750750750746,0.0,0.08281122801516858,0.08281122801516858
2.081376376376376,0.0,0.08122594600071478,0.08122594600071478
2.0836776776776773,0.0,0.07964995000883308,0.07964995000883308
2.0859789789789787,0.0,0.07808340502038118,0.07808340502038118
2.08828028028028,0.0,0.0765264772316568,0.0765264772316568
2.0905815815815814,0.0,0.07497933405958508,0.07497933405958508
2.0928828828828827,0.0,0.07344214414691266,0.07344214414691266
2.095184184184184,0.0,0.07191507736741402,0.07191507736741402
2.0974854854854854,0.0,0.07039830483110526,0.07039830483110526
2.0997867867867863,0.0,0.06889199888947187,0.06889199888947187
2.1020880880880877,0.0,0.06739633314070169,0.06739633314070169
2.104389389389389,0.0,0.06591148243493114,0.06591148243493114
2.1066906906906904,0.0,0.06443762287950103,0.06443762287950103
2.1089919919919917,0.0,0.06297493184422058,0.06297493184422058
2.111293293293293,0.0,0.061523587966643284,0.061523587966643284
2.1135945945945944,0.0,0.06008377115735073,0.06008377115735073
2.1158958958958958,0.0,0.05865566260524925,0.05865566260524925
2.118197197197197,0.0,0.05723944478287372,0.05723944478287372
2.120498498498498,0.0,0.055835301451703255,0.055835301451703255
2.1227997997997994,0.0,0.05444341766748387,0.05444341766748387
2.1251011011011007,0.0,0.053063979785566415,0.053063979785566415
2.127402402402402,0.0,0.05169717546624957,0.05169717546624957
2.1297037037037034,0.0,0.05034319368013382,0.05034319368013382
2.132005005005005,0.0,0.04900222471348774,0.04900222471348774
2.134306306306306,0.0,0.047674460173621494,0.047674460173621494
2.1366076076076075,0.0,0.04636009299427189,0.04636009299427189
2.138908908908909,0.0,0.04505931744099571,0.04505931744099571
2.1412102102102097,0.0,0.04377232911657609,0.04377232911657609
2.143511511511511,0.0,0.042499324966434965,0.042499324966434965
2.1458128128128124,0.0,0.041240503284058205,0.041240503284058205
2.148114114114114,0.0,0.03999606371643032,0.03999606371643032
2.150415415415415,0.0,0.03876620726947803,0.03876620726947803
2.1527167167167165,0.0,0.037551136313524774,0.037551136313524774
2.155018018018018,0.0,0.03635105458875397,0.03635105458875397
2.157319319319319,0.0,0.03516616721068449,0.03516616721068449
2.1596206206206205,0.0,0.03399668067565362,0.03399668067565362
2.1619219219219215,0.0,0.03284280286631191,0.03284280286631191
2.164223223223223,0.0,0.03170474305712504,0.03170474305712504
2.166524524524524,0.0,0.030582711919890582,0.030582711919890582
2.1688258258258255,0.0,0.029476921529260073,0.029476921529260073
2.171127127127127,0.0,0.028387585368272444,0.028387585368272444
2.173428428428428,0.0,0.02731491833389903,0.02731491833389903
2.1757297297297296,0.0,0.026259136742596258,0.026259136742596258
2.178031031031031,0.0,0.025220458335869864,0.025220458335869864
2.1803323323323323,0.0,0.024199102285847356,0.024199102285847356
2.182633633633633,0.0,0.023195289200863237,0.023195289200863237
2.1849349349349345,0.0,0.022209241131050633,0.022209241131050633
2.187236236236236,0.0,0.021241181573946395,0.021241181573946395
2.189537537537537,0.0,0.020291335480102826,0.020291335480102826
2.1918388388388386,0.0,0.019359929258712372,0.019359929258712372
2.19414014014014,0.0,0.018447190783240298,0.018447190783240298
2.1964414414414413,0.0,0.017553349397067302,0.017553349397067302
2.1987427427427426,0.0,0.016678635919143817,0.016678635919143817
2.201044044044044,0.0,0.015823282649652336,0.015823282649652336
2.203345345345345,0.0,0.014987523375680975,0.014987523375680975
2.2056466466466462,0.0,0.014171593376905224,0.014171593376905224
2.2079479479479476,0.0,0.013375729431282783,0.013375729431282783
2.210249249249249,0.0,0.012600169820755324,0.012600169820755324
2.2125505505505503,0.0,0.011845154336961096,0.011845154336961096
2.2148518518518516,0.0,0.011110924286958604,0.011110924286958604
2.217153153153153,0.0,0.010397722498958727,0.010397722498958727
2.2194544544544543,0.0,0.009705793328067753,0.009705793328067753
2.2217557557557557,0.0,0.009035382662039439,0.009035382662039439
2.2240570570570566,0.0,0.008386737927038578,0.008386737927038578
2.226358358358358,0.0,0.007760108093412462,0.007760108093412462
2.2286596596596593,0.0,0.007155743681474435,0.007155743681474435
2.2309609609609606,0.0,0.006573896767295315,0.006573896767295315
2.233262262262262,0.0,0.006014820988506654,0.006014820988506654
2.2355635635635633,0.0,0.0054787715501126944,0.0054787715501126944
2.2378648648648647,0.0,0.0049660052303123715,0.0049660052303123715
2.240166166166166,0.0,0.004476780386332186,0.004476780386332186
2.2424674674674674,0.0,0.004011356960267967,0.004011356960267967
2.2447687687687683,0.0,0.0035699964849373023,0.0035699964849373023
2.2470700700700696,0.0,0.0031529620897409283,0.0031529620897409283
2.249371371371371,0.0,0.002760518506535827,0.002760518506535827
2.2516726726726723,0.0,0.002392932075516508,0.002392932075516508
2.2539739739739737,0.0,0.0020504707511071877,0.0020504707511071877
2.256275275275275,0.0,0.001733404107863421,0.001733404107863421
2.2585765765765764,0.0,0.0014420033463843425,0.0014420033463843425
2.2608778778778778,0.0,0.0011765412992342317,0.0011765412992342317
2.263179179179179,0.0,0.0009372924368741169,0.0009372924368741169
2.26548048048048,0.0,0.000724532873603816,0.000724532873603816
2.2677817817817814,0.0,0.0005385403735131996,0.0005385403735131996
2.2700830830830827,0.0,0.00037959435644411335,0.00037959435644411335
2.272384384384384,0.0,0.0002479759039616208,0.0002479759039616208
2.2746856856856854,0.0,0.0001439677653357242,0.0001439677653357242
2.2769869869869868,0.0,6.785436353268283e-05,6.785436353268283e-05
2.279288288288288,0.0,1.9921801216377594e-05,1.9921801216377594e-05
2.2815895895895895,0.0,4.5786675973765056e-07,4.5786675973765056e-07
2.283890890890891,0.0,0.0,0.0
2.2861921921921917,0.0,0.0,0.0
2.288493493493493,0.0,0.0,0.0
2.2907947947947944,0.0,0.0,0.0
2.2930960960960958,0.0,0.0,0.0
2.295397397397397,0.0,0.0,0.0
2.2976986986986985,0.0,0.0,0.0
2.3,0.0,0.0,0.0
