file_source,particle,avg_edep,weighted_span,point_fraction,total_tracks
ArCO2_neutron_1p07MeV_t0.root,Ar36,107576.42993555171,0.08158142391125761,1.0,2.0
ArCO2_neutron_1p07MeV_t0.root,Ar40,101676.53733671906,0.08147193700164097,1.0,77.0
ArCO2_neutron_1p07MeV_t0.root,C12,199654.22339531264,0.6640885044956405,1.0,364.0
ArCO2_neutron_1p07MeV_t0.root,C13,228202.38107298757,0.6538352106168039,1.0,3.0
ArCO2_neutron_1p07MeV_t0.root,O16,200247.18500701265,0.5222160056515365,1.0,1066.0
ArCO2_neutron_1p07MeV_t0.root,O18,137772.8570831405,0.40032758513616334,1.0,2.0
ArCO2_neutron_1p07MeV_t0.root,e+,38.841554240357,0.0,1.0,1.0
ArCO2_neutron_1p07MeV_t0.root,e-,4885.688771432166,53.40264653222082,0.8235294117647058,68.0
ArCO2_neutron_1p07MeV_t0.root,gamma,69.07444444444452,0.0,1.0,9.0
ArCO2_neutron_1p07MeV_t0.root,neutron,38503.32412383556,0.0,1.0,2336.0
ArCO2_neutron_1p07MeV_t0.root,proton,305.89555449169535,0.004266565923591386,1.0,1.0
